{"cameraMode":{"drawMode":0,"name":"Shaded","section":"Shading Mode"},"sceneLighting":true,"audioPlay":false,"sceneViewState":{"m_AlwaysRefresh":false,"showFog":true,"showSkybox":true,"showFlares":true,"showImageEffects":true,"showParticleSystems":true,"showVisualEffectGraphs":true,"m_FxEnabled":true},"in2DMode":false,"pivot":{"x":-1.3531153202056885,"y":7.822892665863037,"z":-2.8845291137695314},"rotation":{"x":-0.0013088261475786567,"y":0.9929612278938294,"z":-0.11792737245559693,"w":-0.011021305806934834},"size":16.61850929260254,"orthographic":false}